,nSamp,CV,Mean,Std,Total,Feas,MeanP1,MeanP2,MeanP3
0,2,12.5809,0.3534,0.0445,3888,996,0.3884078313253012,0.26472198795180735,0.3468711847389562
1,4,9.1679,0.3765,0.0345,7776,1273,0.29943495679497284,0.2310989002356636,0.46946598586017235
2,8,3.566,0.396,0.0141,15552,2721,0.3590355384049975,0.2396886806321208,0.4012758544652702
3,12,2.3196,0.4005,0.0093,23328,4465,0.3532365285554318,0.2480572676371773,0.3987045240761481
4,16,1.3085,0.4003,0.0052,31104,6735,0.34903940608760187,0.24272138084632539,0.40823844097995743
5,20,0.0,0.4024,0.0,38880,8132,0.33991747417609386,0.24539413428430928,0.414687518445647
