,nSamp,CV,Mean,Std,Total,Feas,MeanP1,MeanP2,MeanP3
0,2,9.7992,0.3698,0.0362,3240,598,0.3416688963210702,0.22372508361204013,0.43460518394648817
1,4,6.5081,0.3807,0.0248,6480,917,0.3053105779716466,0.2714609596510357,0.4232275899672838
2,8,3.6757,0.3943,0.0145,12960,2312,0.34127893598615827,0.22898447231833924,0.42973516435986114
3,12,2.8534,0.3986,0.0114,19440,4709,0.3503209811000219,0.2500365045657253,0.3996418772563175
4,16,1.7743,0.4,0.0071,25920,5832,0.3385829732510286,0.23582731481481506,0.42558882030178335
5,20,1.2014,0.4028,0.0048,32400,6711,0.339047369989569,0.2548084786171962,0.40614355535687774
6,24,0.0,0.4024,0.0,38880,8132,0.33991747417609386,0.24539413428430928,0.414687518445647
