,nSamp,CV,Mean,Std,Total,Feas,MeanP1,MeanP2,MeanP3
0,2,10.1205,0.3609,0.0365,3888,947,0.32171805702217554,0.22704815205913395,0.4512357972544877
1,4,7.2572,0.373,0.0271,7776,1602,0.34564800249687855,0.24573745318352097,0.40861479400749035
2,8,3.7313,0.3932,0.0147,15552,3501,0.355173464724365,0.2584245072836334,0.3864012282205082
3,12,1.7429,0.4017,0.007,23328,5154,0.35478030655801324,0.2541387854093911,0.3910796274738067
4,16,1.3499,0.4005,0.0054,31104,6622,0.3312466928420415,0.24266750226517733,0.42608482331621983
5,20,0.0,0.4024,0.0,38880,8132,0.33991747417609386,0.24539413428430928,0.414687518445647
