,nSamp,CV,Mean,Std,Total,Feas,MeanP1,MeanP2,MeanP3
0,2,12.6361,0.3588,0.0453,3240,890,0.3204170786516857,0.3354308988764042,0.3441523595505622
1,4,6.4494,0.3843,0.0248,6480,1393,0.3383875089734385,0.19477702799712832,0.46683582196697854
2,8,4.086,0.3926,0.016,12960,3397,0.360820076538122,0.23671833971150963,0.40246037680306157
3,12,2.8462,0.3948,0.0112,19440,2907,0.3263557619539035,0.2369526659786716,0.43668992088063296
4,16,1.721,0.3997,0.0069,25920,5538,0.3405219393282774,0.23091291079812234,0.42856442759118873
5,20,1.2673,0.401,0.0051,32400,6627,0.35115301041195124,0.2481467330617178,0.4006995774860424
6,24,0.0,0.4024,0.0,38880,8132,0.33991747417609386,0.24539413428430928,0.414687518445647
