,nSamp,CV,Mean,Std,Total,Feas,MeanP1,MeanP2,MeanP3
0,2,11.2519,0.3544,0.0399,3888,926,0.2664154427645788,0.2124863930885527,0.5211005399568035
1,4,4.7817,0.3829,0.0183,7776,1650,0.3770051515151505,0.28123012121212115,0.34176496969696996
2,8,3.4041,0.3966,0.0135,15552,3388,0.3406878099173551,0.24017644628099127,0.4191351829988189
3,12,2.6889,0.3981,0.0107,23328,5310,0.35080862523540546,0.26119606403013246,0.38799412429378494
4,16,1.4226,0.4014,0.0057,31104,6884,0.3294781086577574,0.24624286751888505,0.42427816676351043
5,20,0.0,0.4024,0.0,38880,8132,0.33991747417609386,0.24539413428430928,0.414687518445647
