,nSamp,CV,Mean,Std,Total,Feas,MeanP1,MeanP2,MeanP3
0,2,18.1982,0.3388,0.0617,3240,537,0.3325283054003722,0.24319590316573542,0.4242767225325885
1,4,6.8329,0.3823,0.0261,6480,1347,0.33132769116555294,0.17612464736451347,0.49254639940608763
2,8,4.0769,0.3925,0.016,12960,3357,0.3119250223413762,0.2671962764372951,0.4208790884718491
3,12,2.5361,0.3995,0.0101,19440,3505,0.3374854778887304,0.2623990584878741,0.4001145791726105
4,16,1.9573,0.3995,0.0078,25920,4760,0.35552069327731006,0.24362907563025255,0.4008493487394956
5,20,1.2464,0.4005,0.005,32400,6977,0.34085929482585703,0.24470977497491794,0.41443011322918266
6,24,0.0,0.4024,0.0,38880,8132,0.33991747417609386,0.24539413428430928,0.414687518445647
