,nSamp,CV,Mean,Std,Total,Feas,MeanP1,MeanP2,MeanP3
0,2,12.9066,0.3525,0.0455,3888,672,0.43971116071428556,0.25560714285714287,0.3046822916666667
1,4,5.9281,0.3826,0.0227,7776,1374,0.30999606986899597,0.20032503639010174,0.4896767103347888
2,8,3.8403,0.393,0.0151,15552,3326,0.32928923631990376,0.24349215273601912,0.42721746843054736
3,12,2.5362,0.3982,0.0101,23328,5281,0.33009776557470183,0.2486449157356564,0.4212569021018753
4,16,1.5626,0.4007,0.0063,31104,6734,0.3487420849420848,0.2531453073953077,0.398111419661421
5,20,0.0,0.4024,0.0,38880,8132,0.33991747417609386,0.24539413428430928,0.414687518445647
