,nSamp,CV,Mean,Std,Total,Feas,MeanP1,MeanP2,MeanP3
0,2,13.8341,0.3606,0.0499,3240,865,0.34023040462427717,0.21872416184971094,0.44104473988439313
1,4,7.362,0.3775,0.0278,6480,1861,0.4006604513702302,0.24676405158516954,0.3525730789897902
2,8,4.0017,0.3939,0.0158,12960,2735,0.3119228884826323,0.2643383912248624,0.4237381352833631
3,12,2.9182,0.3985,0.0116,19440,3904,0.37191250000000003,0.2499637551229508,0.3781234375000002
4,16,1.7269,0.3996,0.0069,25920,5186,0.35771382568453547,0.22645106054762845,0.41583438102583914
5,20,1.0183,0.401,0.0041,32400,6965,0.3435730796841349,0.24210017229002223,0.41432588657573743
6,24,0.0,0.4024,0.0,38880,8132,0.33991747417609386,0.24539413428430928,0.414687518445647
