,nSamp,CV,Mean,Std,Total,Feas,MeanP1,MeanP2,MeanP3
0,2,15.4935,0.3519,0.0545,3888,909,0.36076600660066005,0.299400330033003,0.3398331133113319
1,4,6.6247,0.3863,0.0256,7776,1641,0.3413909201706273,0.24082955514929877,0.41778037781840366
2,8,3.3099,0.3945,0.0131,15552,2650,0.3412624905660368,0.2360400754716985,0.42269788679245257
3,12,1.8645,0.4005,0.0075,23328,5055,0.31939539070227546,0.23413996043521274,0.4464636003956477
4,16,1.716,0.4005,0.0069,31104,6809,0.35379861947422486,0.25292863856660314,0.393271537670731
5,20,0.0,0.4024,0.0,38880,8132,0.33991747417609386,0.24539413428430928,0.414687518445647
