,nSamp,CV,Mean,Std,Total,Feas,MeanP1,MeanP2,MeanP3
0,2,11.1479,0.3609,0.0402,3240,379,0.2989200527704485,0.21289023746701852,0.4881918205804752
1,4,5.723,0.3879,0.0222,6480,746,0.32635857908847193,0.21603927613941004,0.45759973190348463
2,8,4.3644,0.3949,0.0172,12960,3413,0.3544228830940524,0.22566577790799833,0.4199096103135065
3,12,2.697,0.3989,0.0108,19440,3358,0.3329598272781419,0.2537885348421679,0.41325145920190626
4,16,1.5792,0.3992,0.0063,25920,5829,0.356474558243266,0.24770190427174546,0.39582281694973365
5,20,1.0663,0.4022,0.0043,32400,6489,0.3391965480043145,0.2551223455077829,0.40567996609647194
6,24,0.0,0.4024,0.0,38880,8132,0.33991747417609386,0.24539413428430928,0.414687518445647
