,nSamp,CV,Mean,Std,Total,Feas,MeanP1,MeanP2,MeanP3
0,2,11.0896,0.3633,0.0403,3240,677,0.33401949778434253,0.322727621861152,0.34325302806499297
1,4,7.2726,0.3708,0.027,6480,2192,0.36186459854014563,0.21925565693430632,0.4188773266423358
2,8,3.1148,0.3973,0.0124,12960,2416,0.3871524834437087,0.23490186258278134,0.377943294701987
3,12,3.1184,0.395,0.0123,19440,3532,0.33330113250283194,0.2629599093997733,0.40373793884484754
4,16,1.8425,0.401,0.0074,25920,5205,0.35690414985590735,0.23181804034582143,0.41127675312199763
5,20,1.3051,0.402,0.0052,32400,7272,0.34312435368536803,0.24992256600660115,0.40695228272827394
6,24,0.0,0.4024,0.0,38880,8132,0.33991747417609386,0.24539413428430928,0.414687518445647
