,nSamp,CV,Mean,Std,Total,Feas,MeanP1,MeanP2,MeanP3
0,2,11.7092,0.3582,0.0419,3888,909,0.36076600660066005,0.299400330033003,0.3398331133113319
1,4,7.3132,0.3817,0.0279,7776,1921,0.3841788131181667,0.27514700676730897,0.34067496095783456
2,8,4.0236,0.396,0.0159,15552,3184,0.3642468907035181,0.26969956030150677,0.3660535175879394
3,12,2.2231,0.3982,0.0089,23328,5274,0.3659098596890401,0.25653331437239324,0.3775559726962455
4,16,1.3528,0.4003,0.0054,31104,6309,0.3441656205420819,0.2488176573149472,0.4070163258836592
5,20,0.0,0.4024,0.0,38880,8132,0.33991747417609386,0.24539413428430928,0.414687518445647
